mmap-bench,scenario,resident,holes_percent,threads,sample,operations_per_kind,mmap_ns,munmap_ns,elapsed_ns
mmap-bench,scale,16,0,1,1,16,315000,20000,335000
mmap-bench,scale,16,0,1,2,16,685000,20000,710000
mmap-bench,scale,16,0,1,3,16,140000,20000,165000
mmap-bench,scale,64,0,1,1,64,1110000,125000,1245000
mmap-bench,scale,64,0,1,2,64,550000,85000,635000
mmap-bench,scale,64,0,1,3,64,725000,80000,810000
mmap-bench,scale,256,0,1,1,256,13750000,315000,14080000
mmap-bench,scale,256,0,1,2,256,10665000,630000,11310000
mmap-bench,scale,256,0,1,3,256,10125000,470000,10605000
mmap-bench,fragment,64,0,1,1,0,0,0,10000
mmap-bench,fragment,64,0,1,2,0,0,0,10000
mmap-bench,fragment,64,0,1,3,0,0,0,10000
mmap-bench,fragment,64,25,1,1,16,190000,20000,210000
mmap-bench,fragment,64,25,1,2,16,190000,25000,215000
mmap-bench,fragment,64,25,1,3,16,195000,50000,250000
mmap-bench,fragment,64,50,1,1,32,225000,30000,255000
mmap-bench,fragment,64,50,1,2,32,235000,30000,265000
mmap-bench,fragment,64,50,1,3,32,220000,30000,255000
mmap-bench,fragment,256,0,1,1,0,0,0,10000
mmap-bench,fragment,256,0,1,2,0,0,0,15000
mmap-bench,fragment,256,0,1,3,0,0,0,15000
mmap-bench,fragment,256,25,1,1,64,12120000,115000,12250000
mmap-bench,fragment,256,25,1,2,64,11525000,70000,11600000
mmap-bench,fragment,256,25,1,3,64,11570000,70000,11640000
mmap-bench,fragment,256,50,1,1,128,11240000,145000,11390000
mmap-bench,fragment,256,50,1,2,128,12400000,120000,12525000
mmap-bench,fragment,256,50,1,3,128,11240000,175000,11425000
mmap-bench,concurrent,16,0,1,1,256,3225000,1265000,5045000
mmap-bench,concurrent,16,0,1,2,256,3365000,1465000,5460000
mmap-bench,concurrent,16,0,1,3,256,3290000,1430000,5325000
mmap-bench,concurrent,16,0,2,1,512,13820000,4830000,12265000
mmap-bench,concurrent,16,0,2,2,512,11935000,3795000,10710000
mmap-bench,concurrent,16,0,2,3,512,8185000,4010000,9145000
mmap-bench,concurrent,16,0,4,1,1024,44685000,11815000,20385000
mmap-bench,concurrent,16,0,4,2,1024,79020000,23735000,28145000
mmap-bench,concurrent,16,0,4,3,1024,49140000,32105000,24895000
mmap-bench,concurrent,256,0,1,1,256,30230000,935000,31565000
mmap-bench,concurrent,256,0,1,2,256,28615000,2205000,31190000
mmap-bench,concurrent,256,0,1,3,256,31275000,2750000,34505000
mmap-bench,concurrent,256,0,2,1,512,77935000,9745000,53070000
mmap-bench,concurrent,256,0,2,2,512,61515000,5425000,47695000
mmap-bench,concurrent,256,0,2,3,512,77310000,8330000,50910000
mmap-bench,concurrent,256,0,4,1,1024,249310000,93160000,89125000
mmap-bench,concurrent,256,0,4,2,1024,257815000,92090000,92755000
mmap-bench,concurrent,256,0,4,3,1024,202790000,83260000,80050000
